email,label
Your account has been suspended. Click here to verify your credentials.,1
Urgent: Your bank account has been compromised. Confirm your details now.,1
Congratulations! You've won a $1000 gift card. Claim it here.,1
Security Alert: Unusual login attempt detected. Log in to secure your account.,1
Update your payment information to avoid service interruption.,1
Important notice regarding your tax refund. Click to proceed.,1
Your email password will expire today. Renew it immediately.,1
Final warning: Your Netflix account will be locked. Act now.,1
You have a pending package. Provide address confirmation to receive it.,1
Access to your Apple ID has been restricted. Verify your identity here.,1
We noticed suspicious activity on your account. Resolve it here.,1
Reset your Facebook password to prevent unauthorized access.,1
You've been selected for a government grant. Register now.,1
Win a free iPhone 14! Sign up today.,1
Verify your PayPal account to continue transactions.,1
Your Amazon order has been cancelled. Re-enter payment details.,1
Re-authenticate to keep your student loan benefits active.,1
Unauthorized payment of $499 detected. Click to cancel.,1
Reactivate your Microsoft account now.,1
Action Required: Account verification needed immediately.,1
Account temporarily locked due to failed login attempts.,1
We've credited your account with a bonus. Click to view.,1
Job opportunity: Get paid $500 a day! Apply now.,1
You're a lucky visitor! Redeem your prize here.,1
Reset your email now to prevent deactivation.,1
"Hi, are we still on for lunch at 1 PM tomorrow?",0
Don't forget to send the weekly report by Friday.,0
Happy birthday! Hope you have a fantastic day.,0
Here's the meeting agenda for next week's review.,0
Let me know if you can join us for dinner.,0
Attached are the notes from our last discussion.,0
I’ve shared the document via Google Drive.,0
Please review the attached proposal and give feedback.,0
Looking forward to our catch-up this weekend!,0
The team meeting has been moved to 10 AM.,0
Thanks for the quick turnaround on the edits.,0
Can you send me your travel itinerary?,0
Let’s have a call tomorrow to finalize things.,0
Congrats on the new role—well deserved!,0
Don’t forget to complete the feedback survey.,0
I'll be working from home on Friday.,0
Here’s the recipe you asked for!,0
Meeting rescheduled to next Monday at 11.,0
Appreciate your support with the project.,0
I'll check with the vendor and confirm.,0
Sharing the link to join the webinar.,0
Let me know your thoughts on the draft.,0
Thanks again for the great collaboration!,0
Hope your presentation went well today.,0
Lunch was great—let’s do it again soon.,0
